{
    "TEST": {
        "limb":"left", 
        "left": 
            [
                {
                    "left_w0" : 1.99187405307,
                    "left_w1" : -0.949534107701,
                    "left_w2" : -0.00460194236366,
                    "left_e0" : -0.053689327576,
                    "left_e1" : 0.786165153791,
                    "left_s0" : -0.517718515911,
                    "left_s1" : -0.805723408837
                },
                {
                    "left_w0" : 2.95674796865,
                    "left_w1" : -1.00935935843,
                    "left_w2" : -0.202868959198,
                    "left_e0" : 0.0720970970306,
                    "left_e1" : 0.769291365125,
                    "left_s0" : -0.987116637004,
                    "left_s1" : -0.413791317532
                }
            ],
        "right": 
            []
    },

    "TEST_GRIP_LEFT": {
        "limb":"left", 
        "left": 
            [
                {
                    "left_s0" : -0.896611770519,
                    "left_s1" : 1.047,
                    "left_e0" : 3.05262176789,
                    "left_e1" : 2.44861683266,
                    "left_w0" : 0.0490873852123,
                    "left_w1" : -1.57,
                    "left_w2" : 0.143427203667,
                    "left_g0" : 0
                },
                {
                    "left_s0" : -0.83947098617,
                    "left_s1" : 0.530373857411,
                    "left_e0" : 3.05262176789,
                    "left_e1" : 0.345912667668,
                    "left_w0" : -0.0893543808943,
                    "left_w1" : -0.346296162865,
                    "left_w2" : 0.109296131137,
                    "left_g0" : 1
                }
            ],
        "right": 
            []
    }

    
} 
