{
    "TEST": {
        "limb":"left", 
        "left": 
            [
                {
                    "left_w0" : 1.99187405307,
                    "left_w1" : -0.949534107701,
                    "left_w2" : -0.00460194236366,
                    "left_e0" : -0.053689327576,
                    "left_e1" : 0.786165153791,
                    "left_s0" : -0.517718515911,
                    "left_s1" : -0.805723408837
                },
                {
                    "left_w0" : 2.95674796865,
                    "left_w1" : -1.00935935843,
                    "left_w2" : -0.202868959198,
                    "left_e0" : 0.0720970970306,
                    "left_e1" : 0.769291365125,
                    "left_s0" : -0.987116637004,
                    "left_s1" : -0.413791317532
                }
            ],
        "right": 
            []
    }
} 
